{"initial": {"X": -1.4518798828125e-06, "Y": -2.4551782226562497e-05, "A": 0.5000003513502519, "B": 2.747802734375e-07, "C": -2.68310546875e-08, "D": -7.244873046874998e-08}, "ntest_material@mark": {"X": 8.9240966796875e-06, "Y": -6.811562499999999e-05, "A": 0.5000001758741774}, "ntest_material@start": {"X": 8.023828125e-06, "Y": 0.0001264186767578125, "A": 0.500000030915686}, "ntest_material@cal": {"X": 6.711572265625e-06, "Y": 8.3007421875e-05, "A": 0.5000002750563084}, "safeA": {"A": 0.5000003513502519}, "safeB": {"B": 2.747802734375e-07}, "safeC": {"C": -2.68310546875e-08}, "safeD": {"D": -7.244873046874998e-08}, "ntest_materialslide@start": {"X": 8.023828125e-06, "Y": 0.0001264186767578125, "A": 0.500000030915686}}